{"cameraMode":{"drawMode":0,"name":"Shaded","section":"Shading Mode"},"sceneLighting":true,"audioPlay":false,"sceneViewState":{"showFog":true,"showMaterialUpdate":false,"showSkybox":true,"showFlares":true,"showImageEffects":true,"showParticleSystems":true},"in2DMode":false,"pivot":{"x":274.468994140625,"y":144.9370880126953,"z":44.45201110839844},"rotation":{"x":-0.013793542049825192,"y":0.055764470249414447,"z":-0.0007720588473603129,"w":-0.9987106919288635},"size":113.35758972167969,"orthographic":false}